"postal_code","job_center_code"
1000,VDB10
1001,VDB10
1002,VDB10
1003,VDB10
1004,VDB10
1005,VDB10
1006,VDB10
1007,VDB10
1008,VDC10
1009,VDQ10
1010,VDB10
1011,VDB10
1012,VDB10
1014,VDB10
1015,VDL10
1017,VDB10
1018,VDB10
1019,VDB10
1020,VDL10
1022,VDL10
1023,VDL10
1024,VDL10
1025,VDL10
1026,VDJ10
1027,VDJ10
1028,VDJ10
1029,VDL10
1030,VDL10
1031,VDC10
1032,VDC10
1033,VDC10
1034,VDC10
1035,VDC10
1036,VDC10
1037,VDC10
1038,VDC10
1039,VDC10
1040,VDC10
1041,VDC10
1042,VDC10
1043,VDC10
1044,VDC10
1045,VDC10
1046,VDU10
1047,VDU10
1052,VDC10
1053,VDC10
1054,VDC10
1055,VDC10
1058,VDC10
1059,VDC10
1061,VDC10
1062,VDC10
1063,VDC10
1066,VDQ10
1068,VDQ10
1070,VDQ10
1071,VDQ10
1072,VDQ10
1073,VDQ10
1076,VDQ10
1077,VDQ10
1078,VDQ10
1080,VDQ10
1081,VDQ10
1082,VDQ10
1083,VDQ10
1084,VDQ10
1085,VDQ10
1088,VDQ10
1090,VDQ10
1091,VDQ10
1092,VDQ10
1093,VDQ10
1094,VDQ10
1095,VDQ10
1096,VDQ10
1097,VDQ10
1098,VDQ10
1110,VDJ10
1112,VDJ10
1113,VDJ10
1114,VDJ10
1115,VDJ10
1116,VDJ10
1117,VDJ10
1121,VDJ10
1122,VDJ10
1123,VDJ10
1124,VDJ10
1125,VDJ10
1126,VDJ10
1127,VDJ10
1128,VDJ10
1131,VDJ10
1132,VDJ10
1134,VDJ10
1135,VDJ10
1136,VDJ10
1141,VDJ10
1142,VDJ10
1143,VDJ10
1144,VDJ10
1145,VDJ10
1146,VDJ10
1147,VDJ10
1148,VDU10
1149,VDJ10
1162,VDJ10
1163,VDJ10
1164,VDJ10
1165,VDJ10
1166,VDV10
1167,VDJ10
1168,VDJ10
1169,VDJ10
1170,VDJ10
1172,VDJ10
1173,VDJ10
1174,VDJ10
1175,VDJ10
1176,VDJ10
1180,VDV10
1182,VDV10
1183,VDV10
1184,VDV10
1185,VDV10
1186,VDV10
1187,VDJ10
1188,VDJ10
1189,VDJ10
1195,VDV10
1196,VDV10
1197,VDV10
1200,GEAP0
1201,GEAP0
1202,GEAP0
1203,GEAP0
1204,GEAP0
1205,GEAP0
1206,GEAP0
1207,GEAP0
1208,GEAP0
1209,GEAP0
1211,GEAP0
1212,GEAP0
1213,GEAP0
1214,GEAP0
1215,GEAP0
1216,GEAP0
1217,GEAP0
1218,GEAP0
1219,GEAP0
1220,GEAP0
1222,GEAP0
1223,GEAP0
1224,GEAP0
1225,GEAP0
1226,GEAP0
1227,GEAP0
1228,GEAP0
1231,GEAP0
1232,GEAP0
1233,GEAP0
1234,GEAP0
1236,GEAP0
1237,GEAP0
1239,GEAP0
1240,GEAP0
1241,GEAP0
1242,GEAP0
1243,GEAP0
1244,GEAP0
1245,GEAP0
1246,GEAP0
1247,GEAP0
1248,GEAP0
1251,GEAP0
1252,GEAP0
1253,GEAP0
1254,GEAP0
1255,GEAP0
1256,GEAP0
1257,GEAP0
1258,GEAP0
1260,VDV10
1261,VDV10
1262,VDV10
1263,VDV10
1264,VDV10
1265,VDV10
1266,VDV10
1267,VDV10
1268,VDV10
1269,VDV10
1270,VDV10
1271,VDV10
1272,VDV10
1273,VDV10
1274,VDV10
1275,VDV10
1276,VDV10
1277,VDV10
1278,VDV10
1279,VDV10
1281,GEAP0
1283,GEAP0
1284,GEAP0
1285,GEAP0
1286,GEAP0
1287,GEAP0
1288,GEAP0
1289,GEAP0
1290,GEAP0
1291,VDV10
1292,GEAP0
1293,GEAP0
1294,GEAP0
1295,VDV10
1296,VDV10
1297,VDV10
1298,GEAP0
1299,VDV10
1302,VDC10
1303,VDC10
1304,VDJ10
1305,VDC10
1306,VDC10
1307,VDC10
1308,VDJ10
1312,VDJ10
1313,VDJ10
1315,VDJ10
1316,VDJ10
1317,VDJ10
1318,VDJ10
1321,VDU10
1322,VDU10
1323,VDU10
1324,VDU10
1325,VDU10
1326,VDU10
1329,VDU10
1337,VDU10
1338,VDU10
1341,VDU10
1342,VDU10
1343,VDU10
1344,VDU10
1345,VDU10
1346,VDU10
1347,VDU10
1348,VDU10
1350,VDU10
1352,VDU10
1353,VDU10
1354,VDU10
1355,VDU10
1356,VDU10
1357,VDU10
1358,VDU10
1372,VDU10
1373,VDU10
1374,VDU10
1375,VDC10
1376,VDC10
1377,VDC10
1400,VDU10
1401,VDU10
1404,VDU10
1405,VDU10
1406,VDU10
1407,VDU10
1408,VDU10
1409,VDU10
1410,VDC10
1412,VDU10
1413,VDU10
1415,VDU10
1416,VDC10
1417,VDC10
1418,VDC10
1420,VDU10
1421,VDU10
1422,VDU10
1423,VDU10
1424,VDU10
1425,VDU10
1426,VDU10
1427,VDU10
1428,VDU10
1429,VDU10
1430,VDU10
1431,VDU10
1432,VDU10
1433,VDU10
1434,VDU10
1435,VDU10
1436,VDU10
1437,VDU10
1438,VDU10
1439,VDU10
1440,VDU10
1441,VDU10
1442,VDU10
1443,VDU10
1445,VDU10
1446,VDU10
1450,VDU10
1452,VDU10
1453,VDU10
1454,VDU10
1462,VDU10
1463,VDU10
1464,VDU10
1468,FRF40
1470,FRF40
1473,FRF40
1474,FRF40
1475,FRF40
1482,FRF40
1483,FRF40
1484,FRF40
1485,FRF40
1486,FRF40
1489,FRF40
1509,VDQ10
1510,VDQ10
1512,VDQ10
1513,VDQ10
1514,VDQ10
1515,VDQ10
1521,VDQ10
1522,VDQ10
1523,VDW10
1524,VDW10
1525,VDW10
1526,VDQ10
1527,FRF40
1528,FRF40
1529,FRF40
1530,VDW10
1532,FRF40
1533,FRF40
1534,VDW10
1535,VDW10
1536,VDW10
1537,VDW10
1538,VDW10
1541,FRF40
1542,FRF40
1543,VDW10
1544,FRF40
1545,VDW10
1551,VDW10
1552,VDW10
1553,FRM10
1554,VDW10
1555,VDW10
1562,VDW10
1563,FRF40
1564,FRF40
1565,FRF40
1566,FRF40
1567,FRF40
1568,FRF40
1580,VDW10
1583,FRF30
1584,VDW10
1585,VDW10
1586,VDW10
1587,VDW10
1588,VDW10
1589,VDW10
1595,VDW10
1607,VDQ10
1608,FRM10
1609,FRM10
1610,VDQ10
1611,FRM10
1612,VDQ10
1613,VDQ10
1614,FRM10
1615,FRM10
1616,FRM10
1617,FRM10
1618,FRM10
1619,FRM10
1623,FRM10
1624,FRM10
1625,FRM10
1626,FRM10
1627,FRM10
1628,FRM10
1630,FRM10
1632,FRM10
1633,FRM10
1634,FRM10
1635,FRM10
1636,FRM10
1637,FRM10
1638,FRM10
1642,FRM10
1643,FRM10
1644,FRM10
1645,FRM10
1646,FRM10
1647,FRM10
1648,FRM10
1649,FRM10
1651,FRM10
1652,FRM10
1653,FRM10
1654,FRM10
1656,FRM10
1657,BEAD0
1658,VDD10
1659,VDD10
1660,VDD10
1661,FRM10
1663,FRM10
1665,FRM10
1666,FRM10
1667,FRM10
1669,FRM10
1670,FRM10
1673,FRM10
1674,FRM10
1675,FRM10
1676,FRM10
1677,FRM10
1678,FRM10
1679,FRM10
1680,FRM10
1681,FRM10
1682,VDQ10
1683,VDQ10
1684,FRM10
1685,FRM10
1686,FRM10
1687,FRM10
1688,FRM10
1689,FRM10
1690,FRM10
1691,FRM10
1692,FRM10
1694,FRM10
1695,FRL10
1696,FRL10
1697,FRM10
1699,FRM10
1700,FRL10
1701,FRL10
1705,FRL10
1707,FRL10
1708,FRL10
1709,FRL10
1712,FRF30
1713,FRF30
1714,FRF30
1715,FRF30
1716,FRF30
1717,FRF30
1718,FRF30
1719,FRF30
1720,FRL10
1721,FRF30
1722,FRL10
1723,FRL10
1724,FRL10
1725,FRL10
1726,FRL10
1727,FRL10
1728,FRL10
1730,FRL10
1731,FRL10
1732,FRL10
1733,FRL10
1734,FRF30
1735,FRF30
1736,FRF30
1737,FRF30
1738,BEAF0
1740,FRL10
1741,FRL10
1742,FRL10
1744,FRL10
1745,FRL10
1746,FRL10
1747,FRL10
1748,FRM10
1749,FRM10
1752,FRL10
1753,FRL10
1754,FRL10
1756,FRL10
1757,FRL10
1762,FRL10
1763,FRL10
1772,FRL10
1773,FRF40
1774,FRF40
1775,FRF40
1776,FRF40
1782,FRL10
1783,FRF30
1784,FRF30
1785,FRF30
1786,FRF30
1787,FRF30
1788,FRF30
1789,FRF30
1791,FRF30
1792,FRF30
1793,FRF30
1794,FRF30
1795,FRF30
1796,FRF30
1797,BEAF0
1800,VDD10
1801,VDD10
1802,VDD10
1803,VDD10
1804,VDD10
1805,VDD10
1806,VDD10
1807,VDD10
1808,VDD10
1809,VDD10
1811,VDD10
1814,VDD10
1815,VDD10
1816,VDD10
1817,VDD10
1818,VDD10
1820,VDD10
1822,VDD10
1823,VDD10
1824,VDD10
1832,VDD10
1833,VDD10
1844,VDH10
1845,VDH10
1846,VDH10
1847,VDH10
1852,VDH10
1853,VDH10
1854,VDH10
1856,VDH10
1860,VDH10
1862,VDH10
1863,VDH10
1864,VDH10
1865,VDH10
1866,VDH10
1867,VDH10
1868,VSL10
1869,VSL10
1870,VSL10
1871,VSL10
1872,VSL10
1873,VSL10
1874,VSL10
1875,VSL10
1880,VDH10
1882,VDH10
1884,VDH10
1885,VDH10
1890,VSL10
1891,VSL10
1892,VDH10
1893,VSL10
1895,VSL10
1896,VSL10
1897,VSL10
1898,VSL10
1899,VSL10
1902,VSL10
1903,VSM10
1904,VSM10
1905,VSM10
1906,VSM10
1907,VSM10
1908,VSM10
1911,VSM10
1912,VSM10
1913,VSM10
1914,VSM10
1918,VSM10
1919,VSM10
1920,VSM10
1921,VSM10
1922,VSM10
1923,VSM10
1925,VSM10
1926,VSM10
1927,VSM10
1928,VSM10
1929,VSM10
1932,VSM10
1933,VSM10
1934,VSM10
1936,VSM10
1937,VSM10
1938,VSM10
1941,VSM10
1942,VSM10
1943,VSM10
1944,VSM10
1945,VSM10
1946,VSM10
1947,VSM10
1948,VSM10
1950,VSO10
1951,VSO10
1953,VSO10
1955,VSO10
1957,VSO10
1958,VSN10
1961,VSO10
1962,VSO10
1963,VSO10
1964,VSO10
1965,VSO10
1966,VSO10
1967,VSO10
1968,VSO10
1969,VSO10
1971,VSO10
1972,VSO10
1973,VSO10
1974,VSO10
1975,VSO10
1976,VSO10
1977,VSN10
1978,VSN10
1981,VSO10
1982,VSO10
1983,VSO10
1984,VSO10
1985,VSO10
1986,VSO10
1987,VSO10
1988,VSO10
1991,VSO10
1992,VSO10
1993,VSO10
1994,VSO10
1996,VSO10
1997,VSO10
2000,NEA80
2001,NEA80
2002,NEA80
2003,NEA80
2004,NEA80
2006,NEA80
2008,NEA80
2009,NEA80
2010,NEA80
2012,NEA80
2013,NEA80
2014,NEA80
2015,NEA80
2016,NEA80
2017,NEA80
2019,NEA80
2022,NEA80
2023,NEA80
2024,NEA80
2025,NEA80
2027,NEA80
2028,NEA80
2034,NEA80
2035,NEA80
2036,NEA80
2037,NEA80
2042,NEA80
2043,NEA80
2046,NEA80
2052,NEA80
2053,NEA80
2054,NEA80
2056,NEA80
2057,NEA80
2058,NEA80
2063,NEA80
2065,NEA80
2067,NEA80
2068,NEA80
2072,NEA80
2073,NEA80
2074,NEA80
2075,NEA80
2087,NEA80
2088,NEA80
2103,NEA80
2105,NEA80
2108,NEA80
2112,NEA80
2113,NEA80
2114,NEA80
2115,NEA80
2116,NEA80
2117,NEA80
2123,NEA80
2124,NEA80
2126,NEA80
2127,NEA80
2149,NEA80
2206,NEA80
2207,NEA80
2208,NEA80
2300,NEA80
2301,NEA80
2302,NEA80
2303,NEA80
2304,NEA80
2314,NEA80
2316,NEA80
2318,NEA80
2322,NEA80
2325,NEA80
2333,BEAG0
2336,JUA40
2338,JUA40
2340,JUA40
2345,JUA40
2350,JUA40
2353,JUA40
2354,JUA40
2360,JUA40
2362,JUA40
2363,JUA40
2364,JUA40
2400,NEA80
2405,NEA80
2406,NEA80
2414,NEA80
2416,NEA80
2500,BEAG0
2501,BEAG0
2502,BEAG0
2503,BEAG0
2504,BEAG0
2505,BEAG0
2512,BEAG0
2513,BEAG0
2514,BEAG0
2515,BEAG0
2516,BEAG0
2517,BEAG0
2518,BEAG0
2520,BEAG0
2523,NEA80
2525,NEA80
2532,BEAG0
2533,BEAG0
2534,BEAG0
2535,BEAG0
2536,BEAG0
2537,BEAG0
2538,BEAG0
2540,SOAD0
2542,BEAG0
2543,BEAG0
2544,SOAD0
2545,SOAD0
2552,BEAG0
2553,BEAG0
2554,BEAG0
2555,BEAG0
2556,BEAG0
2557,BEAG0
2558,BEAG0
2560,BEAG0
2562,BEAG0
2563,BEAG0
2564,BEAG0
2565,BEAG0
2572,BEAG0
2575,BEAG0
2576,BEAG0
2577,BEAG0
2603,BEAG0
2604,BEAG0
2605,BEAG0
2606,BEAG0
2607,BEAG0
2608,BEAG0
2610,BEAG0
2612,BEAG0
2613,BEAG0
2615,BEAG0
2616,BEAG0
2710,BEAG0
2712,BEAG0
2713,BEAG0
2714,JUA40
2715,BEAG0
2716,BEAG0
2717,BEAG0
2718,JUA40
2720,BEAG0
2722,BEAG0
2723,BEAG0
2732,BEAG0
2733,BEAG0
2735,BEAG0
2736,BEAG0
2738,BEAG0
2740,BEAG0
2742,BEAG0
2743,BEAG0
2744,BEAG0
2745,BEAG0
2746,BEAG0
2747,BEAG0
2748,BEAG0
2762,BEAG0
2800,JUA20
2802,JUA20
2803,JUA20
2805,JUA20
2806,JUA20
2807,JUA20
2812,JUA20
2813,JUA20
2814,BLAD0
2822,JUA20
2823,JUA20
2824,JUA20
2825,JUA20
2826,JUA20
2827,JUA20
2828,JUA20
2829,JUA20
2830,JUA20
2832,JUA20
2842,JUA20
2843,JUA20
2852,JUA20
2853,JUA20
2854,JUA20
2855,JUA20
2856,JUA20
2857,JUA20
2863,JUA20
2864,JUA20
2873,JUA20
2882,JUA30
2883,JUA30
2884,JUA30
2885,JUA30
2886,JUA30
2887,JUA40
2888,JUA30
2889,JUA30
2900,JUA30
2902,JUA30
2903,JUA30
2904,JUA30
2905,JUA30
2906,JUA30
2907,JUA30
2908,JUA30
2912,JUA30
2914,JUA30
2915,JUA30
2916,JUA30
2922,JUA30
2923,JUA30
2924,JUA30
2925,JUA30
2926,JUA30
2932,JUA30
2933,JUA30
2935,JUA30
2942,JUA30
2943,JUA30
2944,JUA30
2946,JUA30
2947,JUA30
2950,JUA30
2952,JUA30
2953,JUA30
2954,JUA30
3000,BEAF0
3001,BEAF0
3002,BEAF0
3003,BEAF0
3004,BEAF0
3005,BEAF0
3006,BEAF0
3007,BEAF0
3008,BEAF0
3010,BEAF0
3011,BEAF0
3012,BEAF0
3013,BEAF0
3014,BEAF0
3015,BEAF0
3018,BEAF0
3019,BEAF0
3020,BEAF0
3024,BEAF0
3027,BEAF0
3029,BEAF0
3030,BEAF0
3032,BEAF0
3033,BEAF0
3034,BEAF0
3035,BEAF0
3036,BEAF0
3037,BEAF0
3038,BEAF0
3039,BEAF0
3040,BEAF0
3041,BEAF0
3042,BEAF0
3043,BEAF0
3044,BEAF0
3045,BEAF0
3046,BEAF0
3047,BEAF0
3048,BEAF0
3049,BEAF0
3050,BEAF0
3052,BEAF0
3053,BEAF0
3054,BEAG0
3063,BEAF0
3065,BEAF0
3066,BEAF0
3067,BEAF0
3068,BEAF0
3071,BEAF0
3072,BEAF0
3073,BEAF0
3074,BEAF0
3075,BEAF0
3076,BEAF0
3077,BEAF0
3078,BEAF0
3082,BEAF0
3083,BEAF0
3084,BEAF0
3085,BEAF0
3086,BEAF0
3087,BEAF0
3088,BEAF0
3089,BEAF0
3095,BEAF0
3096,BEAF0
3097,BEAF0
3098,BEAF0
3099,BEAF0
3110,BEAF0
3111,BEAF0
3112,BEAF0
3113,BEAF0
3114,BEAF0
3115,BEAF0
3116,BEAF0
3122,BEAF0
3123,BEAF0
3124,BEAF0
3125,BEAF0
3126,BEAF0
3127,BEAF0
3128,BEAF0
3132,BEAF0
3144,BEAF0
3145,BEAF0
3147,BEAF0
3148,BEAF0
3150,BEAF0
3152,BEAF0
3153,BEAF0
3154,BEAF0
3155,BEAF0
3156,BEAF0
3157,BEAF0
3158,BEAF0
3159,BEAF0
3172,BEAF0
3173,BEAF0
3174,BEAF0
3175,FRF30
3176,BEAF0
3177,BEAF0
3178,FRF30
3179,BEAF0
3182,FRF30
3183,BEAF0
3184,FRF30
3185,FRF30
3186,FRF30
3202,BEAF0
3203,BEAF0
3204,BEAF0
3205,BEAF0
3206,BEAF0
3207,BEAF0
3208,BEAF0
3210,FRF30
3212,FRF30
3213,FRF30
3214,FRF30
3215,FRF30
3216,FRF30
3225,BEAG0
3226,BEAG0
3232,BEAG0
3233,BEAG0
3234,BEAG0
3235,BEAG0
3236,BEAG0
3237,BEAG0
3238,BEAG0
3250,BEAG0
3251,BEAG0
3252,BEAG0
3253,SOAD0
3254,SOAD0
3255,BEAG0
3256,BEAG0
3257,BEAG0
3262,BEAG0
3263,BEAG0
3264,BEAG0
3266,BEAG0
3267,BEAG0
3268,BEAG0
3270,BEAG0
3271,BEAG0
3272,BEAG0
3273,BEAG0
3274,BEAG0
3280,FRF30
3282,BEAG0
3283,BEAG0
3284,FRF30
3285,FRF30
3286,FRF30
3292,BEAG0
3293,BEAG0
3294,BEAG0
3295,BEAG0
3296,BEAG0
3297,BEAG0
3298,BEAG0
3302,BEAF0
3303,BEAF0
3305,BEAF0
3306,BEAF0
3307,SOAD0
3308,BEAF0
3309,BEAV0
3312,BEAF0
3313,BEAF0
3314,BEAF0
3315,BEAV0
3317,BEAF0
3321,BEAF0
3322,BEAF0
3323,BEAF0
3324,BEAV0
3325,BEAV0
3326,BEAV0
3360,BEAV0
3362,BEAV0
3363,BEAV0
3365,BEAV0
3366,BEAV0
3367,BEAV0
3368,BEAV0
3372,BEAV0
3373,BEAV0
3374,BEAV0
3375,BEAV0
3376,BEAV0
3377,BEAV0
3380,BEAV0
3400,BEAV0
3401,BEAV0
3412,BEAV0
3413,BEAV0
3414,BEAV0
3415,BEAV0
3416,BEAV0
3417,BEAV0
3418,BEAV0
3419,BEAV0
3421,BEAV0
3422,BEAV0
3423,BEAV0
3424,BEAV0
3425,BEAV0
3426,BEAV0
3427,BEAV0
3428,BEAV0
3429,BEAV0
3432,BEAV0
3433,BEAV0
3434,BEAF0
3435,BEAV0
3436,BEAV0
3437,BEAV0
3438,BEAV0
3439,BEAV0
3452,BEAV0
3453,BEAV0
3454,BEAV0
3455,BEAV0
3456,BEAV0
3457,BEAV0
3462,BEAV0
3463,BEAV0
3464,BEAV0
3465,BEAV0
3472,BEAV0
3473,BEAV0
3474,BEAV0
3475,BEAV0
3476,BEAV0
3503,BEAF0
3504,BEAF0
3506,BEAF0
3507,BEAF0
3508,BEAF0
3510,BEAF0
3512,BEAF0
3513,BEAF0
3531,BEAF0
3532,BEAF0
3533,BEAF0
3534,BEAV0
3535,BEAV0
3536,BEAV0
3537,BEAV0
3538,BEAV0
3543,BEAV0
3550,BEAV0
3551,BEAV0
3552,BEAV0
3553,BEAV0
3555,BEAV0
3556,BEAV0
3557,BEAV0
3600,BEAD0
3602,BEAD0
3603,BEAD0
3604,BEAD0
3607,BEAD0
3608,BEAD0
3609,BEAD0
3612,BEAD0
3613,BEAD0
3614,BEAD0
3615,BEAD0
3616,BEAD0
3617,BEAD0
3618,BEAD0
3619,BEAD0
3622,BEAD0
3623,BEAD0
3624,BEAD0
3625,BEAD0
3626,BEAD0
3627,BEAD0
3628,BEAD0
3629,BEAF0
3631,BEAD0
3632,BEAD0
3633,BEAD0
3634,BEAD0
3635,BEAD0
3636,BEAD0
3638,BEAD0
3645,BEAD0
3646,BEAD0
3647,BEAD0
3652,BEAD0
3653,BEAD0
3654,BEAD0
3655,BEAD0
3656,BEAD0
3657,BEAD0
3658,BEAD0
3661,BEAD0
3662,BEAD0
3663,BEAD0
3664,BEAD0
3665,BEAD0
3671,BEAF0
3672,BEAF0
3673,BEAF0
3674,BEAF0
3700,BEAD0
3702,BEAD0
3703,BEAD0
3704,BEAD0
3705,BEAD0
3706,BEAD0
3707,BEAD0
3711,BEAD0
3713,BEAD0
3714,BEAD0
3715,BEAD0
3716,BEAD0
3717,BEAD0
3718,BEAD0
3722,BEAD0
3723,BEAD0
3724,BEAD0
3725,BEAD0
3752,BEAD0
3753,BEAD0
3754,BEAD0
3755,BEAD0
3756,BEAD0
3757,BEAD0
3758,BEAD0
3762,BEAD0
3763,BEAD0
3764,BEAD0
3765,BEAD0
3766,BEAD0
3770,BEAD0
3771,BEAD0
3772,BEAD0
3773,BEAD0
3775,BEAD0
3776,BEAD0
3777,BEAD0
3778,BEAD0
3780,BEAD0
3781,BEAD0
3782,BEAD0
3783,BEAD0
3784,BEAD0
3785,BEAD0
3792,BEAD0
3800,BEAD0
3801,BEAD0
3802,BEAD0
3803,BEAD0
3804,BEAD0
3805,BEAD0
3806,BEAD0
3807,BEAD0
3812,BEAD0
3813,BEAD0
3814,BEAD0
3815,BEAD0
3816,BEAD0
3818,BEAD0
3822,BEAD0
3823,BEAD0
3824,BEAD0
3825,BEAD0
3826,BEAD0
3852,BEAD0
3853,BEAD0
3854,BEAD0
3855,BEAD0
3856,BEAD0
3857,BEAD0
3858,BEAD0
3860,BEAD0
3862,BEAD0
3863,BEAD0
3864,BEAD0
3900,VSP10
3901,VSP10
3902,VSP10
3903,VSP10
3904,VSP10
3905,VSP10
3906,VSP10
3907,VSP10
3908,VSP10
3910,VSP10
3911,VSP10
3912,VSP10
3913,VSP10
3914,VSP10
3916,VSP10
3917,VSP10
3918,VSP10
3919,VSP10
3920,VSP10
3922,VSP10
3923,VSP10
3924,VSP10
3925,VSP10
3926,VSP10
3927,VSP10
3928,VSP10
3929,VSP10
3930,VSP10
3931,VSP10
3932,VSP10
3933,VSP10
3934,VSP10
3935,VSP10
3937,VSP10
3938,VSP10
3939,VSP10
3940,VSP10
3942,VSP10
3943,VSP10
3944,VSP10
3945,VSP10
3946,VSP10
3947,VSP10
3948,VSP10
3949,VSP10
3951,VSP10
3952,VSP10
3953,VSP10
3954,VSP10
3955,VSP10
3956,VSP10
3957,VSP10
3960,VSN10
3961,VSN10
3963,VSN10
3965,VSN10
3966,VSN10
3967,VSN10
3968,VSN10
3970,VSP10
3971,VSN10
3972,VSN10
3973,VSN10
3974,VSN10
3975,VSN10
3976,VSN10
3977,VSN10
3978,VSN10
3979,VSN10
3982,VSP10
3983,VSP10
3984,VSP10
3985,VSP10
3986,VSP10
3987,VSP10
3988,VSP10
3989,VSP10
3991,VSP10
3992,VSP10
3993,VSP10
3994,VSP10
3995,VSP10
3996,VSP10
3997,VSP10
3998,VSP10
3999,VSP10
4000,BSA80
4001,BSA80
4002,BSA80
4005,BSA80
4007,BSA80
4009,BSA80
4010,BSA80
4012,BSA80
4013,BSA80
4015,BSA80
4016,BSA80
4018,BSA80
4019,BSA80
4020,BSA80
4023,BLAB0
4030,BSA80
4031,BSA80
4039,BSA80
4040,BLAB0
4041,BSA80
4042,BLAB0
4051,BSA80
4052,BSA80
4053,BSA80
4054,BSA80
4055,BSA80
4056,BSA80
4057,BSA80
4058,BSA80
4059,BSA80
4070,BSA80
4075,BSA80
4089,BSA80
4091,BSA80
4101,BLAC0
4102,BLAC0
4103,BLAC0
4104,BLAC0
4105,BLAC0
4106,BLAC0
4107,BLAC0
4108,BLAC0
4112,BLAC0
4114,BLAC0
4115,BLAC0
4116,BLAC0
4117,BLAD0
4118,BLAC0
4123,BLAC0
4124,BLAC0
4125,BSA80
4126,BSA80
4127,BLA50
4132,BLAB0
4133,BLA50
4142,BLAB0
4143,BLAD0
4144,BLAB0
4145,BLAB0
4146,BLAB0
4147,BLAB0
4148,BLAB0
4153,BLAB0
4202,BLAD0
4203,BLAD0
4204,BLAD0
4206,BLAD0
4207,BLAF0
4208,BLAD0
4222,BLAD0
4223,BLAD0
4224,BLAD0
4225,BLAD0
4226,BLAD0
4227,BLAD0
4228,BLAD0
4229,BLAD0
4232,BLAD0
4233,BLAD0
4234,BLAD0
4242,BLAD0
4243,BLAD0
4244,BLAD0
4245,BLAD0
4246,BLAD0
4247,BLAD0
4252,BLAD0
4253,BLAD0
4254,BLAD0
4302,BLAF0
4303,AGA90
4304,BLAF0
4305,AGA90
4310,AGA90
4312,AGA90
4313,AGA90
4314,AGA90
4315,AGA90
4316,AGA90
4317,AGA90
4322,AGA90
4323,AGA90
4324,AGA90
4325,AGA90
4332,AGA90
4333,AGA90
4334,AGA90
4402,BLAF0
4410,BLAF0
4411,BLAF0
4412,BLAF0
4413,BLAF0
4414,BLAF0
4415,BLAF0
4416,BLAF0
4417,BLAF0
4418,BLAF0
4419,BLAF0
4421,BLAF0
4422,BLAF0
4423,BLAF0
4424,BLAF0
4425,BLAF0
4426,BLAF0
4431,BLAF0
4432,BLAF0
4433,BLAF0
4434,BLAF0
4435,BLAF0
4436,BLAF0
4437,BLAF0
4438,BLAF0
4441,BLAE0
4442,BLAE0
4443,BLAE0
4444,BLAE0
4445,BLAE0
4446,BLAE0
4447,BLAE0
4448,BLAE0
4450,BLAE0
4451,BLAE0
4452,BLAF0
4453,BLAF0
4455,BLAF0
4456,BLAF0
4457,BLAF0
4458,BLAF0
4460,BLAE0
4461,BLAE0
4462,BLAE0
4463,BLAE0
4464,BLAE0
4465,BLAE0
4466,BLAE0
4467,BLAE0
4468,SOAD0
4469,BLAE0
4492,BLAE0
4493,BLAE0
4494,BLAE0
4495,BLAE0
4496,BLAE0
4497,BLAE0
4500,SOAD0
4501,SOAD0
4502,SOAD0
4503,SOAD0
4509,SOAD0
4512,SOAD0
4513,SOAD0
4514,SOAD0
4515,SOAD0
4522,SOAD0
4523,SOAD0
4524,SOAD0
4525,SOAD0
4528,SOAD0
4532,SOAD0
4533,SOAD0
4534,SOAD0
4535,SOAD0
4536,BEAV0
4537,BEAV0
4538,BEAV0
4539,BEAV0
4542,SOAD0
4543,SOAD0
4551,SOAD0
4552,SOAD0
4553,SOAD0
4554,SOAD0
4556,SOAD0
4557,SOAD0
4558,SOAD0
4562,SOAD0
4563,SOAD0
4564,SOAD0
4565,SOAD0
4566,SOAD0
4571,SOAD0
4573,SOAD0
4574,SOAD0
4576,SOAD0
4577,SOAD0
4578,SOAD0
4579,SOAD0
4581,SOAD0
4582,SOAD0
4583,SOAD0
4584,SOAD0
4585,SOAD0
4586,SOAD0
4587,SOAD0
4588,SOAD0
4600,SOAD0
4601,SOAD0
4609,SOAD0
4612,SOAD0
4613,SOAD0
4614,SOAD0
4615,SOAD0
4616,SOAD0
4617,SOAD0
4618,SOAD0
4622,SOAD0
4623,SOAD0
4624,SOAD0
4625,SOAD0
4626,SOAD0
4628,SOAD0
4629,SOAD0
4632,SOAD0
4633,SOAD0
4634,SOAD0
4652,SOAD0
4653,SOAD0
4654,SOAD0
4655,SOAD0
4656,SOAD0
4657,SOAD0
4658,SOAD0
4663,AGAA0
4665,AGAA0
4702,SOAD0
4703,SOAD0
4704,BEAV0
4710,SOAD0
4712,SOAD0
4713,SOAD0
4714,SOAD0
4715,SOAD0
4716,SOAD0
4717,SOAD0
4718,SOAD0
4719,SOAD0
4800,AGAA0
4801,AGAA0
4802,AGAA0
4803,AGAA0
4805,AGAA0
4806,LUA70
4807,AGAA0
4808,AGAA0
4809,AGAA0
4812,AGAA0
4813,AGAA0
4814,AGAA0
4852,AGAA0
4853,AGAA0
4856,AGAA0
4900,BEAV0
4901,BEAV0
4911,BEAV0
4912,BEAV0
4913,BEAV0
4914,BEAV0
4915,LUA70
4916,BEAV0
4917,BEAV0
4919,BEAV0
4922,BEAV0
4923,BEAV0
4924,BEAV0
4932,BEAV0
4933,BEAV0
4934,BEAV0
4935,BEAV0
4936,BEAV0
4937,BEAV0
4938,BEAV0
4942,BEAV0
4943,BEAV0
4944,BEAV0
4950,BEAV0
4952,BEAV0
4953,BEAV0
4954,BEAV0
4955,BEAV0
5000,AGA30
5001,AGA30
5004,AGA30
5012,SOAD0
5013,SOAD0
5014,SOAD0
5015,SOAD0
5017,AGA30
5018,AGA30
5022,AGA30
5023,AGA30
5024,AGA30
5025,AGA30
5026,AGA30
5027,AGA90
5028,AGA90
5032,AGA30
5033,AGA30
5034,AGA30
5035,AGA30
5036,AGA30
5037,AGA30
5040,AGA30
5042,AGA30
5043,AGA30
5044,AGA30
5046,AGA30
5053,AGAA0
5054,AGAA0
5056,AGAA0
5057,AGAA0
5058,AGAA0
5062,AGA90
5063,AGA90
5064,AGA90
5070,AGA90
5072,AGA90
5073,AGA90
5074,AGA90
5075,AGA90
5076,AGA90
5077,AGA90
5078,AGA70
5079,AGA90
5080,AGA90
5082,AGA90
5083,AGA90
5084,AGA90
5085,AGA90
5102,AGA30
5103,AGA30
5105,AGA30
5106,AGA70
5107,AGA70
5108,AGA70
5112,AGA70
5113,AGA70
5116,AGA70
5200,AGA70
5201,AGA70
5210,AGA70
5212,AGA70
5213,AGA70
5222,AGA70
5223,AGA70
5225,AGA70
5232,AGA70
5233,AGA70
5234,AGA70
5235,AGA70
5236,AGA70
5237,AGA70
5242,AGA70
5243,AGA70
5244,AGA70
5245,AGA70
5246,AGA70
5272,AGA70
5273,AGA70
5274,AGA70
5275,AGA90
5276,AGA70
5277,AGA70
5300,AGA70
5301,AGA40
5303,AGA70
5304,AGA40
5305,AGA40
5306,AGA40
5312,AGA70
5313,AGA70
5314,AGA70
5315,AGA70
5316,AGA70
5317,AGA70
5318,AGA70
5322,AGA70
5323,AGA40
5324,AGA70
5325,AGA70
5326,AGA90
5330,AGA40
5332,AGA40
5333,AGA40
5334,AGA40
5400,AGA40
5401,AGA40
5402,AGA40
5404,AGA40
5405,AGA40
5406,AGA40
5408,AGA40
5412,AGA70
5413,AGA70
5415,AGA40
5416,AGA40
5417,AGA40
5420,AGA40
5423,AGA40
5425,AGA40
5426,AGA40
5430,AGA40
5432,AGA40
5436,AGA30
5442,AGA40
5443,AGA40
5444,AGA40
5445,AGA80
5452,AGA40
5453,AGA40
5454,AGA40
5462,AGA40
5463,AGA40
5464,AGA40
5465,AGA40
5466,AGA40
5467,AGA40
5502,AGA30
5503,AGA30
5504,AGA70
5505,AGA70
5506,AGA40
5507,AGA40
5512,AGA40
5522,AGA80
5524,AGA80
5525,AGA80
5600,AGA30
5603,AGA30
5604,AGA80
5605,AGA80
5606,AGA80
5607,AGA80
5608,AGA40
5610,AGA80
5611,AGA80
5612,AGA80
5613,AGA80
5614,AGA80
5615,AGA80
5616,AGA80
5617,AGA80
5618,AGA80
5619,AGA80
5620,AGA80
5621,AGA80
5622,AGA80
5623,AGA80
5624,AGA80
5625,AGA80
5626,AGA80
5627,AGA80
5628,AGA80
5630,AGA80
5632,AGA80
5634,AGA80
5636,AGA80
5637,AGA80
5642,AGA80
5643,AGA80
5644,AGA80
5645,AGA80
5646,AGA80
5647,AGA80
5702,AGA30
5703,AGA30
5704,AGA30
5705,AGA30
5706,AGA30
5707,AGA30
5708,AGA30
5712,AGA30
5722,AGA30
5723,AGA30
5724,AGA30
5725,AGA30
5726,AGA30
5727,AGA30
5728,AGA30
5732,AGA30
5733,AGA30
5734,AGA30
5735,LUA70
5736,AGA30
5737,AGA30
5742,AGAA0
5745,AGAA0
5746,SOAD0
6000,LUA50
6002,LUA50
6003,LUA50
6004,LUA50
6005,LUA50
6006,LUA50
6007,LUA50
6009,LUA50
6010,LUA60
6011,LUA60
6012,LUA60
6013,LUA80
6014,LUA40
6015,LUA40
6016,LUA70
6017,LUA80
6018,LUA80
6019,LUA80
6020,LUA40
6021,LUA40
6022,LUA80
6023,LUA40
6024,LUA70
6025,LUA70
6026,LUA40
6027,LUA40
6028,LUA40
6030,LUA60
6031,LUA60
6032,LUA40
6033,LUA60
6034,LUA40
6035,LUA60
6036,LUA60
6037,LUA60
6038,LUA60
6039,LUA60
6042,AGA80
6043,LUA60
6044,LUA60
6045,LUA60
6047,LUA60
6048,LUA60
6052,NWA20
6053,NWA20
6055,NWA20
6056,NWA20
6060,NWA20
6061,NWA20
6062,NWA20
6063,NWA20
6064,NWA20
6066,NWA20
6067,NWA20
6068,NWA20
6072,NWA20
6073,NWA20
6074,NWA20
6078,NWA20
6083,BEAD0
6084,BEAD0
6085,BEAD0
6086,BEAD0
6102,LUA80
6103,LUA80
6105,LUA80
6106,LUA80
6110,LUA80
6112,LUA80
6113,LUA80
6114,LUA80
6122,LUA80
6123,LUA80
6125,LUA80
6126,LUA80
6130,LUA80
6132,LUA80
6133,LUA80
6142,LUA80
6143,LUA80
6144,LUA80
6145,LUA80
6146,LUA80
6147,LUA80
6152,LUA80
6153,LUA80
6154,LUA80
6156,LUA80
6160,LUA80
6162,LUA80
6163,LUA80
6166,LUA80
6167,LUA80
6170,LUA80
6173,LUA80
6174,LUA80
6182,LUA80
6192,LUA80
6196,LUA80
6197,BEAV0
6203,LUA70
6204,LUA70
6205,LUA70
6206,LUA70
6207,LUA70
6208,LUA50
6210,LUA70
6211,LUA70
6212,LUA70
6213,LUA70
6214,LUA70
6215,LUA70
6216,LUA70
6217,LUA70
6218,LUA70
6221,LUA70
6222,LUA70
6231,LUA70
6232,LUA70
6233,LUA70
6234,LUA70
6235,LUA70
6236,LUA70
6242,LUA70
6243,LUA70
6244,LUA70
6245,LUA70
6246,LUA70
6247,LUA70
6248,LUA80
6252,LUA70
6253,LUA70
6260,LUA70
6262,LUA70
6263,LUA70
6264,LUA70
6265,LUA70
6274,LUA40
6275,LUA40
6276,LUA40
6277,LUA40
6280,LUA40
6281,LUA40
6283,LUA40
6284,LUA40
6285,LUA40
6286,LUA40
6287,LUA40
6288,LUA40
6289,LUA40
6294,LUA40
6295,LUA40
6300,ZGA40
6301,ZGA40
6302,ZGA40
6303,ZGA40
6310,ZGA40
6312,ZGA40
6313,ZGA40
6314,ZGA40
6315,ZGA40
6317,ZGA40
6318,ZGA40
6319,ZGA40
6330,ZGA40
6331,ZGA40
6332,ZGA40
6333,ZGA40
6340,ZGA40
6341,ZGA40
6343,ZGA40
6344,LUA60
6345,ZGA40
6349,ZGA40
6353,LUA60
6354,LUA60
6356,LUA60
6362,NWA20
6363,NWA20
6365,NWA20
6370,NWA20
6371,NWA20
6372,NWA20
6373,NWA20
6374,NWA20
6375,NWA20
6376,NWA20
6377,URA20
6382,NWA20
6383,NWA20
6386,NWA20
6387,NWA20
6388,NWA20
6390,NWA20
6391,NWA20
6402,SZA20
6403,SZA20
6404,LUA60
6405,SZA20
6410,SZA20
6414,SZA20
6415,SZA20
6416,SZA20
6417,SZA20
6418,SZA20
6422,SZA20
6423,SZA20
6424,SZA20
6430,SZA20
6431,SZA20
6432,SZA20
6433,SZA20
6434,SZA20
6436,SZA20
6438,SZA20
6440,SZA20
6441,URA20
6442,SZA20
6443,SZA20
6452,URA20
6454,URA20
6460,URA20
6461,URA20
6462,URA20
6463,URA20
6464,URA20
6465,URA20
6466,URA20
6467,URA20
6468,URA20
6469,URA20
6472,URA20
6473,URA20
6474,URA20
6475,URA20
6476,URA20
6482,URA20
6484,URA20
6485,URA20
6487,URA20
6490,URA20
6491,URA20
6493,URA20
6500,TIB10
6501,TIB10
6503,TIB10
6512,TIB10
6513,TIB10
6514,TIB10
6515,TIB10
6516,TIC10
6517,TIB10
6518,TIB10
6523,TIF10
6524,TIF10
6525,TIF10
6526,TIF10
6527,TIF10
6528,TIB10
6532,TIB10
6533,TIB10
6534,GRG10
6535,GRG10
6537,GRG10
6538,GRG10
6540,GRG10
6541,GRG10
6542,GRG10
6543,GRG10
6544,GRG10
6545,GRG10
6546,GRG10
6547,GRG10
6548,GRG10
6549,GRG10
6556,GRG10
6557,GRG10
6558,GRG10
6562,GRG10
6563,GRG10
6565,GRG10
6571,TIC10
6572,TIC10
6573,TIC10
6574,TIC10
6575,TIC10
6576,TIC10
6577,TIC10
6578,TIC10
6579,TIC10
6582,TIB10
6583,TIB10
6584,TIB10
6592,TIB10
6593,TIB10
6594,TIC10
6595,TIC10
6596,TIC10
6597,TIC10
6598,TIC10
6599,TIB10
6600,TIC10
6601,TIC10
6602,TIC10
6604,TIC10
6605,TIC10
6611,TIC10
6612,TIC10
6613,TIC10
6614,TIC10
6616,TIC10
6618,TIC10
6622,TIC10
6631,TIC10
6632,TIC10
6633,TIC10
6634,TIC10
6635,TIC10
6636,TIC10
6637,TIC10
6644,TIC10
6645,TIC10
6646,TIC10
6647,TIC10
6648,TIC10
6652,TIC10
6653,TIC10
6654,TIC10
6655,TIC10
6656,TIC10
6657,TIC10
6658,TIC10
6659,TIC10
6661,TIC10
6662,TIC10
6663,TIC10
6664,TIC10
6670,TIC10
6672,TIC10
6673,TIC10
6674,TIC10
6675,TIC10
6676,TIC10
6677,TIC10
6678,TIC10
6682,TIC10
6683,TIC10
6684,TIC10
6685,TIC10
6690,TIC10
6692,TIC10
6693,TIC10
6694,TIC10
6695,TIC10
6696,TIC10
6702,TIF10
6703,TIF10
6705,TIF10
6707,TIF10
6710,TIF10
6713,TIF10
6714,TIF10
6715,TIF10
6716,TIF10
6717,TIF10
6718,TIF10
6719,TIF10
6720,TIF10
6721,TIF10
6722,TIF10
6723,TIF10
6724,TIF10
6742,TIF10
6743,TIF10
6744,TIF10
6745,TIF10
6746,TIF10
6747,TIF10
6748,TIF10
6749,TIF10
6760,TIF10
6763,TIF10
6764,TIF10
6772,TIF10
6773,TIF10
6774,TIF10
6775,TIF10
6776,TIF10
6777,TIF10
6780,TIF10
6781,TIF10
6802,TID10
6803,TID10
6804,TID10
6805,TID10
6806,TID10
6807,TID10
6808,TID10
6809,TID10
6810,TID10
6814,TID10
6815,TID10
6816,TID10
6817,TID10
6818,TID10
6821,TID10
6822,TID10
6823,TID10
6825,TIE10
6826,TIE10
6827,TIE10
6828,TIE10
6830,TIE10
6832,TIE10
6833,TIE10
6834,TIE10
6835,TIE10
6836,TIE10
6837,TIE10
6838,TIE10
6839,TIE10
6850,TIE10
6852,TIE10
6853,TIE10
6854,TIE10
6855,TIE10
6862,TIE10
6863,TIE10
6864,TIE10
6865,TIE10
6866,TIE10
6867,TIE10
6872,TIE10
6873,TIE10
6874,TIE10
6875,TIE10
6877,TIE10
6883,TIE10
6900,TID10
6901,TID10
6902,TID10
6903,TID10
6904,TID10
6906,TID10
6907,TID10
6908,TID10
6911,CHA20
6912,TID10
6913,TID10
6914,TID10
6915,TID10
6916,TID10
6917,TID10
6918,TID10
6919,TID10
6921,TID10
6922,TID10
6924,TID10
6925,TID10
6926,TID10
6927,TID10
6928,TID10
6929,TID10
6930,TID10
6932,TID10
6933,TID10
6934,TID10
6935,TID10
6936,TID10
6937,TID10
6938,TID10
6939,TID10
6942,TID10
6943,TID10
6944,TID10
6945,TID10
6946,TID10
6947,TID10
6948,TID10
6949,TID10
6950,TID10
6951,TID10
6952,TID10
6953,TID10
6954,TID10
6955,TID10
6956,TID10
6957,TID10
6958,TID10
6959,TID10
6960,TID10
6962,TID10
6963,TID10
6964,TID10
6965,TID10
6966,TID10
6967,TID10
6968,TID10
6974,TID10
6976,TID10
6977,TID10
6978,TID10
6979,TID10
6980,TID10
6981,TID10
6982,TID10
6983,TID10
6984,TID10
6986,TID10
6987,TID10
6988,TID10
6989,TID10
6990,TID10
6991,TID10
6992,TID10
6993,TID10
6994,TID10
6995,TID10
6996,TID10
6997,TID10
6998,TID10
6999,TID10
7000,GRD10
7001,GRD10
7002,GRD10
7004,GRD10
7006,GRD10
7007,GRD10
7012,GRD10
7013,GRD10
7014,GRD10
7015,GRD10
7016,GRD10
7017,GRD10
7018,GRD10
7019,GRD10
7023,GRD10
7026,GRD10
7027,GRD10
7028,GRD10
7029,GRD10
7031,GRF10
7032,GRF10
7050,GRD10
7056,GRD10
7057,GRD10
7058,GRD10
7062,GRD10
7063,GRD10
7064,GRD10
7074,GRD10
7075,GRD10
7076,GRD10
7077,GRE10
7078,GRE10
7082,GRE10
7083,GRE10
7084,GRE10
7104,GRF10
7106,GRE10
7107,GRE10
7109,GRE10
7110,GRF10
7111,GRF10
7112,GRF10
7113,GRF10
7114,GRF10
7115,GRF10
7116,GRF10
7122,GRF10
7126,GRF10
7127,GRF10
7128,GRF10
7130,GRF10
7132,GRF10
7134,GRF10
7137,GRF10
7138,GRF10
7141,GRF10
7142,GRF10
7143,GRF10
7144,GRF10
7145,GRF10
7146,GRF10
7147,GRF10
7148,GRF10
7149,GRF10
7151,GRF10
7152,GRF10
7153,GRF10
7154,GRF10
7155,GRF10
7156,GRF10
7157,GRF10
7158,GRF10
7159,GRF10
7162,GRF10
7163,GRF10
7164,GRF10
7165,GRF10
7166,GRF10
7167,GRF10
7168,GRF10
7172,GRF10
7173,GRF10
7174,GRF10
7175,GRF10
7176,GRF10
7180,GRF10
7182,GRF10
7183,GRF10
7184,GRF10
7185,GRF10
7186,GRF10
7187,GRF10
7188,GRF10
7189,GRF10
7201,GRD10
7202,GRD10
7203,GRD10
7204,GRD10
7205,GRD10
7206,GRD10
7208,GRD10
7212,GRD10
7213,GRD10
7214,GRD10
7215,GRD10
7220,GRD10
7222,GRD10
7223,GRH10
7224,GRH10
7226,GRD10
7228,GRD10
7231,GRH10
7232,GRH10
7233,GRH10
7235,GRH10
7240,GRH10
7241,GRH10
7242,GRH10
7243,GRH10
7244,GRH10
7245,GRH10
7246,GRH10
7247,GRH10
7249,GRH10
7250,GRH10
7252,GRH10
7260,GRH10
7265,GRH10
7270,GRH10
7272,GRH10
7276,GRH10
7277,GRH10
7278,GRH10
7302,GRD10
7303,GRD10
7304,GRD10
7306,GRD10
7307,GRD10
7310,SGP10
7312,SGP10
7313,SGP10
7314,SGP10
7315,SGP10
7317,SGP10
7320,SGP10
7323,SGP10
7324,SGP10
7325,SGP10
7326,SGP10
7402,GRD10
7403,GRD10
7404,GRE10
7405,GRE10
7407,GRE10
7408,GRE10
7411,GRE10
7412,GRE10
7413,GRE10
7414,GRE10
7415,GRE10
7416,GRE10
7417,GRE10
7418,GRE10
7419,GRE10
7421,GRE10
7422,GRE10
7423,GRE10
7424,GRE10
7425,GRE10
7426,GRE10
7427,GRE10
7428,GRE10
7430,GRE10
7431,GRE10
7432,GRE10
7433,GRE10
7434,GRE10
7435,GRE10
7436,GRE10
7437,GRE10
7438,GRE10
7440,GRE10
7442,GRE10
7443,GRE10
7444,GRE10
7445,GRE10
7446,GRE10
7447,GRE10
7448,GRE10
7450,GRE10
7451,GRE10
7452,GRE10
7453,GRE10
7454,GRE10
7455,GRE10
7456,GRE10
7457,GRE10
7458,GRE10
7459,GRE10
7460,GRE10
7462,GRE10
7463,GRE10
7464,GRE10
7472,GRE10
7473,GRE10
7477,GRE10
7482,GRE10
7484,GRE10
7492,GRE10
7493,GRE10
7494,GRH10
7500,GRI10
7502,GRI10
7503,GRI10
7504,GRI10
7505,GRI10
7512,GRI10
7513,GRI10
7514,GRI10
7515,GRI10
7516,GRI10
7517,GRI10
7522,GRI10
7523,GRI10
7524,GRI10
7525,GRI10
7526,GRI10
7527,GRI10
7530,GRI10
7532,GRI10
7533,GRI10
7534,GRI10
7535,GRI10
7536,GRI10
7537,GRI10
7542,GRI10
7543,GRI10
7545,GRI10
7546,GRI10
7550,GRI10
7551,GRI10
7552,GRI10
7553,GRI10
7554,GRI10
7556,GRI10
7557,GRI10
7558,GRI10
7559,GRI10
7560,GRI10
7562,GRI10
7563,GRI10
7602,GRI10
7603,GRI10
7604,GRI10
7605,GRI10
7606,GRI10
7608,GRI10
7610,GRI10
7710,GRI10
7741,GRI10
7742,GRI10
7743,GRI10
7744,GRI10
7745,GRI10
7746,GRI10
7747,GRI10
7748,GRI10
8000,ZHA75
8001,ZHA75
8002,ZHA75
8003,ZHA75
8004,ZHA75
8005,ZHA75
8006,ZHA75
8008,ZHA75
8010,ZHA75
8012,ZHA75
8020,ZHA75
8021,ZHA75
8022,ZHA75
8024,ZHA75
8027,ZHA75
8031,ZHA75
8032,ZHA75
8034,ZHA75
8036,ZHA75
8037,ZHA75
8038,ZHA75
8040,ZHA75
8041,ZHA75
8042,ZHA75
8044,ZHA75
8045,ZHA75
8046,ZHA75
8047,ZHA75
8048,ZHA75
8049,ZHA75
8050,ZHA75
8051,ZHA75
8052,ZHA75
8053,ZHA75
8055,ZHA75
8057,ZHA75
8058,ZHA75
8060,ZHA75
8063,ZHA75
8064,ZHA75
8070,ZHA75
8071,ZHA75
8074,ZHA75
8075,ZHA75
8080,ZHA75
8081,ZHA75
8085,ZHA75
8086,ZHA75
8087,ZHA75
8088,ZHA75
8090,ZHA75
8091,ZHA75
8092,ZHA75
8093,ZHA75
8096,ZHA75
8098,ZHA75
8099,ZHA75
8102,ZHA75
8103,ZHA75
8104,ZHA75
8105,ZHA75
8106,ZHA75
8107,ZHA75
8108,ZHA75
8109,ZHA75
8112,ZHA75
8113,ZHA75
8114,ZHA75
8115,ZHA75
8117,ZHA75
8118,ZHA75
8121,ZHA75
8122,ZHA75
8123,ZHA75
8124,ZHA75
8125,ZHA75
8126,ZHA75
8127,ZHA75
8132,ZHA75
8133,ZHA75
8134,ZHA75
8135,ZHA75
8136,ZHA75
8142,ZHA75
8143,ZHA75
8152,ZHA75
8153,ZHA75
8154,ZHA75
8155,ZHA75
8156,ZHA75
8157,ZHA75
8158,ZHA75
8162,ZHA75
8164,ZHA75
8165,ZHA75
8166,ZHA75
8172,ZHA75
8173,ZHA75
8174,ZHA75
8175,ZHA75
8180,ZHA75
8181,ZHA75
8182,ZHA75
8184,ZHA75
8185,ZHA75
8187,ZHA75
8192,ZHA75
8193,ZHA75
8194,ZHA75
8195,ZHA75
8196,ZHA75
8197,ZHA75
8200,SHA20
8201,SHA20
8203,SHA20
8207,SHA20
8208,SHA20
8212,SHA20
8213,SHA20
8214,SHA20
8215,SHA20
8216,SHA20
8217,SHA20
8218,SHA20
8219,SHA20
8222,SHA20
8223,SHA20
8224,SHA20
8225,SHA20
8226,SHA20
8228,SHA20
8231,SHA20
8232,SHA20
8233,SHA20
8234,SHA20
8235,SHA20
8236,SHA20
8238,CHA20
8239,SHA20
8240,SHA20
8241,SHA20
8242,SHA20
8243,SHA20
8245,ZHA75
8246,ZHA75
8247,ZHA75
8248,ZHA75
8252,TGO10
8253,TGO10
8254,TGO10
8255,TGO10
8259,TGO10
8260,SHA20
8261,SHA20
8262,SHA20
8263,SHA20
8264,TGO10
8265,TGO10
8266,TGO10
8267,TGP10
8268,TGP10
8269,TGP10
8272,TGP10
8273,TGP10
8274,TGP10
8280,TGP10
8285,TGP10
8301,ZHA75
8302,ZHA75
8303,ZHA75
8304,ZHA75
8305,ZHA75
8306,ZHA75
8307,ZHA75
8308,ZHA75
8309,ZHA75
8310,ZHA75
8311,ZHA75
8312,ZHA75
8314,ZHA75
8315,ZHA75
8317,ZHA75
8320,ZHA75
8322,ZHA75
8330,ZHA75
8331,ZHA75
8332,ZHA75
8335,ZHA75
8340,ZHA75
8342,ZHA75
8344,ZHA75
8345,ZHA75
8352,ZHA75
8353,ZHA75
8354,ZHA75
8355,TGO10
8356,TGO10
8357,TGO10
8360,TGO10
8362,TGO10
8363,TGO10
8370,TGO10
8371,TGO10
8372,TGO10
8374,TGO10
8376,TGO10
8400,ZHA75
8401,ZHA75
8403,ZHA75
8404,ZHA75
8405,ZHA75
8406,ZHA75
8408,ZHA75
8409,ZHA75
8411,ZHA75
8412,ZHA75
8413,ZHA75
8414,ZHA75
8415,ZHA75
8416,ZHA75
8418,ZHA75
8421,ZHA75
8422,ZHA75
8424,ZHA75
8425,ZHA75
8426,ZHA75
8427,ZHA75
8428,ZHA75
8442,ZHA75
8444,ZHA75
8447,ZHA75
8450,ZHA75
8451,ZHA75
8452,ZHA75
8453,ZHA75
8454,SHA20
8455,SHA20
8457,ZHA75
8458,ZHA75
8459,ZHA75
8460,ZHA75
8461,ZHA75
8462,ZHA75
8463,ZHA75
8464,ZHA75
8465,ZHA75
8466,ZHA75
8467,ZHA75
8468,ZHA75
8471,ZHA75
8472,ZHA75
8474,ZHA75
8475,ZHA75
8476,ZHA75
8477,ZHA75
8478,ZHA75
8479,ZHA75
8482,ZHA75
8483,ZHA75
8484,ZHA75
8486,ZHA75
8487,ZHA75
8488,ZHA75
8489,ZHA75
8492,ZHA75
8493,ZHA75
8494,ZHA75
8495,ZHA75
8496,ZHA75
8497,ZHA75
8498,ZHA75
8499,ZHA75
8500,TGO10
8501,TGO10
8502,TGO10
8503,TGO10
8505,TGO10
8506,TGO10
8507,TGO10
8508,TGO10
8509,TGO10
8510,TGO10
8512,TGO10
8514,TGP10
8522,TGO10
8523,ZHA75
8524,TGO10
8525,TGO10
8526,TGO10
8532,TGO10
8535,TGO10
8536,TGO10
8537,TGO10
8542,ZHA75
8543,ZHA75
8544,ZHA75
8545,ZHA75
8546,TGO10
8547,TGO10
8548,ZHA75
8552,TGO10
8553,TGO10
8554,TGP10
8555,TGO10
8556,TGP10
8558,TGP10
8560,TGP10
8561,TGP10
8564,TGP10
8565,TGP10
8566,TGP10
8570,TGP10
8572,TGP10
8573,TGP10
8574,TGP10
8575,TGP10
8576,TGP10
8577,TGP10
8580,TGQ10
8581,TGQ10
8582,TGQ10
8583,TGP10
8584,TGP10
8585,TGP10
8586,TGP10
8587,TGQ10
8588,TGQ10
8589,TGQ10
8590,TGQ10
8592,TGQ10
8593,TGQ10
8594,TGP10
8595,TGP10
8596,TGP10
8597,TGP10
8598,TGP10
8599,TGQ10
8600,ZHA75
8602,ZHA75
8603,ZHA75
8604,ZHA75
8605,ZHA75
8606,ZHA75
8607,ZHA75
8608,ZHA75
8610,ZHA75
8612,ZHA75
8613,ZHA75
8614,ZHA75
8615,ZHA75
8616,ZHA75
8617,ZHA75
8618,ZHA75
8620,ZHA75
8622,ZHA75
8623,ZHA75
8624,ZHA75
8625,ZHA75
8626,ZHA75
8627,ZHA75
8630,ZHA75
8632,ZHA75
8633,ZHA75
8634,ZHA75
8635,ZHA75
8636,ZHA75
8637,ZHA75
8638,SGR10
8640,SGR10
8645,SGR10
8646,SGR10
8700,ZHA75
8702,ZHA75
8703,ZHA75
8704,ZHA75
8706,ZHA75
8707,ZHA75
8708,ZHA75
8712,ZHA75
8713,ZHA75
8714,ZHA75
8715,SGR10
8716,SGR10
8717,SGR10
8718,SGR10
8722,SGR10
8723,SGR10
8725,SGR10
8726,SGT10
8727,SGR10
8730,SGR10
8732,SGR10
8733,SGR10
8734,SGR10
8735,SGR10
8737,SGR10
8738,SGR10
8739,SGR10
8740,SGR10
8750,GLA20
8751,URA20
8752,GLA20
8753,GLA20
8754,GLA20
8755,GLA20
8756,GLA20
8757,GLA20
8758,GLA20
8759,GLA20
8762,GLA20
8765,GLA20
8766,GLA20
8767,GLA20
8772,GLA20
8773,GLA20
8774,GLA20
8775,GLA20
8777,GLA20
8782,GLA20
8783,GLA20
8784,GLA20
8800,ZHA75
8802,ZHA75
8803,ZHA75
8804,ZHA75
8805,ZHA75
8806,SZA30
8807,SZA30
8808,SZA30
8810,ZHA75
8815,ZHA75
8816,ZHA75
8820,ZHA75
8824,ZHA75
8825,ZHA75
8832,SZA30
8833,ZHA75
8834,SZA30
8835,SZA30
8836,SZA30
8840,SZA30
8841,SZA30
8842,SZA30
8843,SZA30
8844,SZA30
8845,SZA30
8846,SZA30
8847,SZA30
8849,SZA30
8852,SZA30
8853,SZA30
8854,SZA30
8855,SZA30
8856,SZA30
8857,SZA30
8858,SZA30
8862,SZA30
8863,SZA30
8864,SZA30
8865,GLA20
8866,GLA20
8867,GLA20
8868,GLA20
8872,SGR10
8873,SGR10
8874,GLA20
8877,SGP10
8878,SGP10
8879,SGP10
8880,SGP10
8881,SGP10
8882,SGP10
8883,SGP10
8884,SGP10
8885,SGP10
8886,SGP10
8887,SGP10
8888,SGP10
8889,SGP10
8890,SGP10
8892,SGP10
8893,SGP10
8894,SGP10
8895,SGP10
8896,SGP10
8897,SGP10
8898,SGP10
8901,ZHA75
8902,ZHA75
8903,ZHA75
8904,ZHA75
8905,AGA80
8906,ZHA75
8907,ZHA75
8908,ZHA75
8909,ZHA75
8910,ZHA75
8911,ZHA75
8912,ZHA75
8913,ZHA75
8914,ZHA75
8915,ZHA75
8916,AGA80
8917,AGA80
8918,AGA80
8919,AGA80
8925,ZHA75
8926,ZHA75
8932,ZHA75
8933,ZHA75
8934,ZHA75
8942,ZHA75
8951,ZHA75
8952,ZHA75
8953,ZHA75
8954,ZHA75
8955,ZHA75
8956,AGA40
8957,AGA40
8962,AGA40
8964,AGA80
8965,AGA80
8966,AGA80
8967,AGA80
9000,SGB10
9001,SGB10
9004,SGB10
9006,SGB10
9007,SGB10
9008,SGB10
9010,SGB10
9011,SGB10
9012,SGB10
9013,SGB10
9014,SGB10
9015,SGB10
9016,SGB10
9020,SGB10
9022,SGB10
9023,SGB10
9024,SGB10
9026,SGB10
9027,SGB10
9028,SGB10
9029,SGB10
9030,SGB10
9032,SGB10
9033,SGB10
9034,SGB10
9035,ARA20
9036,SGB10
9037,ARA20
9038,ARA20
9042,ARA20
9043,ARA20
9044,ARA20
9050,AIA20
9052,ARA20
9053,ARA20
9054,AIA20
9055,ARA20
9056,ARA20
9057,AIA20
9058,AIA20
9062,ARA20
9063,ARA20
9064,ARA20
9100,ARA20
9101,ARA20
9102,ARA20
9103,ARA20
9104,ARA20
9105,ARA20
9107,ARA20
9108,AIA20
9112,ARA20
9113,SGT10
9114,SGT10
9115,SGT10
9116,SGT10
9122,SGT10
9123,SGT10
9125,SGT10
9126,SGT10
9127,SGT10
9200,SGB10
9201,SGB10
9203,SGO10
9204,SGB10
9205,SGB10
9212,SGB10
9213,TGQ10
9214,TGQ10
9215,TGQ10
9216,TGQ10
9217,TGQ10
9220,TGQ10
9223,TGQ10
9225,TGQ10
9230,SGO10
9231,SGO10
9240,SGO10
9242,SGO10
9243,SGO10
9244,SGO10
9245,SGO10
9246,SGO10
9247,SGO10
9248,SGO10
9249,SGO10
9300,SGB10
9301,SGB10
9304,SGB10
9305,SGB10
9306,TGQ10
9308,SGB10
9312,SGB10
9313,SGB10
9314,TGQ10
9315,TGQ10
9320,TGQ10
9322,TGQ10
9323,SGB10
9325,TGQ10
9326,TGQ10
9327,SGB10
9400,SGQ10
9401,SGQ10
9402,SGB10
9403,SGB10
9404,SGQ10
9405,ARA20
9410,ARA20
9411,ARA20
9413,AIA20
9414,ARA20
9422,SGQ10
9423,SGQ10
9424,SGQ10
9425,SGQ10
9426,ARA20
9427,ARA20
9428,ARA20
9430,SGQ10
9434,SGQ10
9435,SGQ10
9436,SGQ10
9437,SGQ10
9442,SGQ10
9443,SGQ10
9444,SGQ10
9445,SGQ10
9450,SGQ10
9451,SGQ10
9452,SGQ10
9453,SGQ10
9462,SGQ10
9463,SGQ10
9464,SGQ10
9465,SGP10
9466,SGP10
9467,SGP10
9468,SGP10
9469,SGP10
9470,SGP10
9471,SGP10
9472,SGP10
9473,SGP10
9475,SGP10
9476,SGP10
9477,SGP10
9478,SGP10
9479,SGP10
9485,CHA20
9486,CHA20
9487,CHA20
9488,CHA20
9489,CHA20
9490,CHA20
9491,CHA20
9492,CHA20
9493,CHA20
9494,CHA20
9495,CHA20
9496,CHA20
9497,CHA20
9498,CHA20
9500,SGO10
9501,SGO10
9502,TGP10
9503,TGP10
9504,TGP10
9506,TGO10
9507,TGO10
9508,TGO10
9512,SGO10
9514,TGP10
9515,TGP10
9517,TGP10
9523,SGO10
9524,SGO10
9525,SGO10
9526,SGO10
9527,SGO10
9532,SGO10
9533,SGO10
9534,SGO10
9535,SGO10
9536,SGO10
9542,TGO10
9543,TGO10
9545,TGO10
9546,TGO10
9547,TGO10
9548,TGO10
9552,SGO10
9553,TGP10
9554,TGP10
9555,TGP10
9556,TGP10
9562,TGP10
9565,TGP10
9573,TGO10
9601,SGT10
9602,SGO10
9604,SGT10
9606,SGT10
9607,SGT10
9608,SGT10
9612,SGT10
9613,SGT10
9614,SGT10
9615,SGT10
9620,SGT10
9621,SGT10
9622,SGT10
9630,SGT10
9631,SGT10
9633,SGT10
9642,SGT10
9643,SGT10
9650,SGT10
9651,SGT10
9652,SGT10
9655,SGT10
9656,SGT10
9657,SGT10
9658,SGT10
9998,CHA40
9999,CHA20
